Date,Engaged views
2024-04-29,0
2024-04-30,0
2024-05-01,0
2024-05-02,0
2024-05-03,0
2024-05-04,0
2024-05-05,0
2024-05-06,0
2024-05-07,0
2024-05-08,0
2024-05-09,0
2024-05-10,0
2024-05-11,0
2024-05-12,0
2024-05-13,0
2024-05-14,1
2024-05-15,2
2024-05-16,0
2024-05-17,4
2024-05-18,0
2024-05-19,2
2024-05-20,2
2024-05-21,5
2024-05-22,1
2024-05-23,85
2024-05-24,8
2024-05-25,6
2024-05-26,6
2024-05-27,5
2024-05-28,8
2024-05-29,2
2024-05-30,15
2024-05-31,17
2024-06-01,11
2024-06-02,18
2024-06-03,5
2024-06-04,21
2024-06-05,2
2024-06-06,11
2024-06-07,2
2024-06-08,11
2024-06-09,6
2024-06-10,11
2024-06-11,6
2024-06-12,28
2024-06-13,25
2024-06-14,1
2024-06-15,13
2024-06-16,8
2024-06-17,4
2024-06-18,1
2024-06-19,1
2024-06-20,4
2024-06-21,11
2024-06-22,7
2024-06-23,6
2024-06-24,1
2024-06-25,4
2024-06-26,0
2024-06-27,0
2024-06-28,1
2024-06-29,1
2024-06-30,1
2024-07-01,0
2024-07-02,0
2024-07-03,0
2024-07-04,0
2024-07-05,1
2024-07-06,0
2024-07-07,0
2024-07-08,0
2024-07-09,1
2024-07-10,0
2024-07-11,0
2024-07-12,0
2024-07-13,0
2024-07-14,2
2024-07-15,5
2024-07-16,1
2024-07-17,4
2024-07-18,2
2024-07-19,1
2024-07-20,1
2024-07-21,0
2024-07-22,3
2024-07-23,6
2024-07-24,11
2024-07-25,1
2024-07-26,0
2024-07-27,2
2024-07-28,0
2024-07-29,0
2024-07-30,0
2024-07-31,0
2024-08-01,0
2024-08-02,0
2024-08-03,0
2024-08-04,1
2024-08-05,36
2024-08-06,7
2024-08-07,2
2024-08-08,0
2024-08-09,0
2024-08-10,0
2024-08-11,0
2024-08-12,0
2024-08-13,0
2024-08-14,0
2024-08-15,0
2024-08-16,0
2024-08-17,20
2024-08-18,21
2024-08-19,33
2024-08-20,277
2024-08-21,1024
2024-08-22,377
2024-08-23,280
2024-08-24,324
2024-08-25,300
2024-08-26,285
2024-08-27,4
2024-08-28,1
2024-08-29,1
2024-08-30,0
2024-08-31,0
2024-09-01,5
2024-09-02,8
2024-09-03,2
2024-09-04,0
2024-09-05,2
2024-09-06,0
2024-09-07,1
2024-09-08,0
2024-09-09,1
2024-09-10,0
2024-09-11,1
2024-09-12,1
2024-09-13,0
2024-09-14,0
2024-09-15,5
2024-09-16,59
2024-09-17,49
2024-09-18,38
2024-09-19,55
2024-09-20,50
2024-09-21,35
2024-09-22,49
2024-09-23,0
2024-09-24,1
2024-09-25,1
2024-09-26,4
2024-09-27,9
2024-09-28,0
2024-09-29,125
2024-09-30,135
2024-10-01,76
2024-10-02,67
2024-10-03,66
2024-10-04,117
2024-10-05,172
2024-10-06,145
2024-10-07,204
2024-10-08,143
2024-10-09,188
2024-10-10,185
2024-10-11,149
2024-10-12,225
2024-10-13,211
2024-10-14,258
2024-10-15,344
2024-10-16,190
2024-10-17,269
2024-10-18,299
2024-10-19,341
2024-10-20,241
2024-10-21,14
2024-10-22,22
2024-10-23,2
2024-10-24,3
2024-10-25,13
2024-10-26,553
2024-10-27,21
2024-10-28,10
2024-10-29,25
2024-10-30,15
2024-10-31,4
2024-11-01,1
2024-11-02,0
2024-11-03,0
2024-11-04,48
2024-11-05,535
2024-11-06,101
2024-11-07,551
2024-11-08,76
2024-11-09,84
2024-11-10,66
2024-11-11,79
2024-11-12,93
2024-11-13,100
2024-11-14,94
2024-11-15,120
2024-11-16,612
2024-11-17,60
2024-11-18,43
2024-11-19,47
2024-11-20,7
2024-11-21,10
2024-11-22,11
2024-11-23,6
2024-11-24,4
2024-11-25,69
2024-11-26,115
2024-11-27,352
2024-11-28,351
2024-11-29,646
2024-11-30,656
2024-12-01,599
2024-12-02,674
2024-12-03,756
2024-12-04,787
2024-12-05,775
2024-12-06,759
2024-12-07,870
2024-12-08,889
2024-12-09,784
2024-12-10,881
2024-12-11,259
2024-12-12,303
2024-12-13,342
2024-12-14,336
2024-12-15,311
2024-12-16,281
2024-12-17,281
2024-12-18,300
2024-12-19,285
2024-12-20,260
2024-12-21,309
2024-12-22,274
2024-12-23,227
2024-12-24,246
2024-12-25,526
2024-12-26,424
2024-12-27,500
2024-12-28,637
2024-12-29,668
2024-12-30,392
2024-12-31,320
2025-01-01,343
2025-01-02,379
2025-01-03,11
2025-01-04,4
2025-01-05,97
2025-01-06,126
2025-01-07,76
2025-01-08,16
2025-01-09,5
2025-01-10,6
2025-01-11,155
2025-01-12,54
2025-01-13,53
2025-01-14,53
2025-01-15,74
2025-01-16,82
2025-01-17,75
2025-01-18,90
2025-01-19,104
2025-01-20,282
2025-01-21,264
2025-01-22,265
2025-01-23,496
2025-01-24,504
2025-01-25,556
2025-01-26,567
2025-01-27,623
2025-01-28,694
2025-01-29,704
2025-01-30,803
2025-01-31,834
2025-02-01,869
2025-02-02,867
2025-02-03,1011
2025-02-04,877
2025-02-05,950
2025-02-06,88
2025-02-07,41
2025-02-08,50
2025-02-09,40
2025-02-10,54
2025-02-11,59
2025-02-12,38
2025-02-13,33
2025-02-14,59
2025-02-15,67
2025-02-16,61
2025-02-17,95
2025-02-18,97
2025-02-19,67
2025-02-20,25
2025-02-21,21
2025-02-22,7
2025-02-23,20
2025-02-24,110
2025-02-25,417
2025-02-26,543
2025-02-27,360
2025-02-28,352
2025-03-01,114
2025-03-02,23
2025-03-03,11
2025-03-04,577
2025-03-05,733
2025-03-06,427
2025-03-07,596
2025-03-08,299
2025-03-09,297
2025-03-10,271
2025-03-11,307
2025-03-12,282
2025-03-13,277
2025-03-14,278
2025-03-15,351
2025-03-16,321
2025-03-17,292
2025-03-18,456
2025-03-19,416
2025-03-20,121
2025-03-21,130
2025-03-22,164
2025-03-23,167
2025-03-24,196
2025-03-25,161
2025-03-26,153
2025-03-27,173
2025-03-28,38
2025-03-29,4
2025-03-30,10
2025-03-31,9
2025-04-01,28
2025-04-02,134
2025-04-03,286
2025-04-04,568
2025-04-05,207
2025-04-06,52
2025-04-07,611
2025-04-08,116
2025-04-09,120
2025-04-10,100
2025-04-11,58
2025-04-12,51
2025-04-13,69
2025-04-14,51
2025-04-15,55
2025-04-16,143
2025-04-17,264
2025-04-18,159
2025-04-19,226
2025-04-20,154
2025-04-21,126
2025-04-22,102
2025-04-23,81
2025-04-24,87
2025-04-25,113
2025-04-26,134
2025-04-27,148
2025-04-28,214
2025-04-29,187
2025-04-30,458
2025-05-01,510
2025-05-02,511
2025-05-03,725
2025-05-04,679
2025-05-05,762
2025-05-06,716
2025-05-07,744
2025-05-08,726
2025-05-09,833
2025-05-10,750
2025-05-11,840
2025-05-12,789
2025-05-13,708
2025-05-14,750
2025-05-15,764
2025-05-16,41
2025-05-17,17
2025-05-18,12
2025-05-19,16
2025-05-20,5
2025-05-21,4
2025-05-22,7
2025-05-23,4
2025-05-24,8
2025-05-25,7
2025-05-26,4
2025-05-27,1
2025-05-28,0
2025-05-29,1
2025-05-30,10
2025-05-31,0
2025-06-01,68
2025-06-02,194
2025-06-03,136
2025-06-04,125
2025-06-05,125
2025-06-06,260
2025-06-07,239
2025-06-08,338
2025-06-09,13
2025-06-10,3
2025-06-11,13
2025-06-12,7
2025-06-13,143
2025-06-14,281
2025-06-15,213
2025-06-16,288
2025-06-17,315
2025-06-18,287
2025-06-19,255
2025-06-20,308
2025-06-21,323
2025-06-22,300
2025-06-23,396
2025-06-24,345
2025-06-25,333
2025-06-26,543
2025-06-27,544
2025-06-28,217
2025-06-29,304
2025-06-30,335
2025-07-01,298
2025-07-02,306
2025-07-03,356
2025-07-04,339
2025-07-05,310
2025-07-06,390
2025-07-07,386
2025-07-08,493
2025-07-09,483
2025-07-10,428
2025-07-11,78
2025-07-12,99
2025-07-13,129
2025-07-14,168
2025-07-15,503
2025-07-16,508
2025-07-17,845
2025-07-18,970
2025-07-19,962
2025-07-20,804
2025-07-21,899
2025-07-22,975
2025-07-23,840
2025-07-24,872
2025-07-25,828
2025-07-26,35
2025-07-27,13
2025-07-28,17
2025-07-29,2
2025-07-30,13
2025-07-31,2
2025-08-01,65
2025-08-02,73
2025-08-03,36
2025-08-04,65
2025-08-05,28
2025-08-06,13
2025-08-07,14
2025-08-08,4
2025-08-09,4
2025-08-10,3
2025-08-11,5
2025-08-12,4
2025-08-13,67
2025-08-14,20
2025-08-15,61
2025-08-16,8
2025-08-17,33
2025-08-18,30
2025-08-19,7
2025-08-20,7
2025-08-21,1
2025-08-22,0
2025-08-23,3
2025-08-24,0
2025-08-25,1
2025-08-26,5
2025-08-27,13
2025-08-28,2
2025-08-29,2
2025-08-30,62
2025-08-31,273
2025-09-01,7
2025-09-02,1
2025-09-03,0
2025-09-04,5
2025-09-05,0
2025-09-06,1
2025-09-07,3
2025-09-08,12
2025-09-09,13
2025-09-10,6
2025-09-11,1
2025-09-12,4
2025-09-13,3
2025-09-14,31
2025-09-15,28
2025-09-16,33
2025-09-17,14
2025-09-18,2
2025-09-19,1
2025-09-20,12
2025-09-21,22
2025-09-22,16
2025-09-23,1
2025-09-24,1
2025-09-25,1
2025-09-26,0
2025-09-27,40
2025-09-28,24
2025-09-29,5
2025-09-30,9
2025-10-01,2
2025-10-02,0
2025-10-03,9
2025-10-04,4
2025-10-05,28
2025-10-06,16
2025-10-07,3
2025-10-08,9
2025-10-09,5
2025-10-10,3
2025-10-11,36
2025-10-12,26
2025-10-13,26
2025-10-14,10
2025-10-15,4
2025-10-16,4
2025-10-17,5
2025-10-18,2
2025-10-19,4
2025-10-20,7
2025-10-21,8
2025-10-22,3
2025-10-23,2
2025-10-24,0
2025-10-25,79
2025-10-26,196
2025-10-27,39
2025-10-28,20
2025-10-29,5
2025-10-30,12
2025-10-31,32
2025-11-01,68
2025-11-02,8
2025-11-03,3
2025-11-04,3
2025-11-05,4
2025-11-06,10
2025-11-07,8
2025-11-08,6
2025-11-09,3
2025-11-10,8
2025-11-11,3
2025-11-12,4
2025-11-13,7
2025-11-14,3
2025-11-15,3
2025-11-16,1
2025-11-17,3
2025-11-18,19
2025-11-19,212
2025-11-20,34
2025-11-21,18
2025-11-22,74
2025-11-23,22
2025-11-24,16
2025-11-25,9
2025-11-26,4
2025-11-27,2
2025-11-28,2
2025-11-29,23
2025-11-30,16
2025-12-01,8
2025-12-02,28
2025-12-03,5
2025-12-04,3
2025-12-05,3
2025-12-06,1
2025-12-07,3
2025-12-08,1
2025-12-09,2
2025-12-10,30
2025-12-11,49
2025-12-12,22
2025-12-13,10
2025-12-14,5
2025-12-15,1
2025-12-16,1
2025-12-17,3
2025-12-18,1
2025-12-19,3
2025-12-20,0
2025-12-21,5
2025-12-22,1
2025-12-23,6
2025-12-24,14
2025-12-25,63
2025-12-26,27
2025-12-27,7
2025-12-28,5
2025-12-29,1
2025-12-30,2
2025-12-31,3
2026-01-01,14
2026-01-02,13
2026-01-03,5
2026-01-04,2
2026-01-05,1
2026-01-06,1
2026-01-07,6
2026-01-08,2
2026-01-09,2
2026-01-10,3
2026-01-11,3
2026-01-12,5
2026-01-13,4
2026-01-14,3
2026-01-15,12
2026-01-16,2
2026-01-17,18
2026-01-18,9
2026-01-19,13
2026-01-20,40
2026-01-21,4
2026-01-22,6
2026-01-23,10
2026-01-24,11
2026-01-25,12
2026-01-26,9
2026-01-27,75
2026-01-28,93
2026-01-29,35
2026-01-30,6
2026-01-31,9
2026-02-01,19
2026-02-02,7
2026-02-03,1
2026-02-04,4
2026-02-05,7
2026-02-06,8
2026-02-07,15
2026-02-08,12
2026-02-09,4
2026-02-10,4
2026-02-11,4
2026-02-12,1
2026-02-13,2
2026-02-14,5
2026-02-15,2
2026-02-16,1
2026-02-17,2
2026-02-18,11
2026-02-19,31
2026-02-20,12
2026-02-21,4
2026-02-22,1
2026-02-23,4
2026-02-24,1
2026-02-25,4
2026-02-26,14
2026-02-27,11
2026-02-28,12
2026-03-01,15
2026-03-02,3
2026-03-03,1
2026-03-04,0
2026-03-05,0
2026-03-06,0
2026-03-07,3
2026-03-08,147
2026-03-09,30
2026-03-10,18
2026-03-11,10
2026-03-12,7
2026-03-13,1
2026-03-14,0
2026-03-15,0
2026-03-16,0
2026-03-17,2
2026-03-18,3
2026-03-19,1
2026-03-20,2
2026-03-21,1
2026-03-22,3
2026-03-23,1
2026-03-24,0
2026-03-25,3
2026-03-26,3
2026-03-27,0
2026-03-28,1
2026-03-29,0
2026-03-30,1
2026-03-31,11
2026-04-01,84
2026-04-02,128
2026-04-03,420
2026-04-04,45
2026-04-05,18
2026-04-06,8
2026-04-07,1
2026-04-08,1
2026-04-09,2
2026-04-10,4
2026-04-11,6
2026-04-12,3
2026-04-13,1
2026-04-14,0
2026-04-15,27
2026-04-16,1
2026-04-17,74
2026-04-18,34
2026-04-19,20
2026-04-20,12
2026-04-21,15
2026-04-22,21
2026-04-23,13
2026-04-24,3
2026-04-25,2
2026-04-26,0
2026-04-27,5
2026-04-28,21
2026-04-29,26
2026-04-30,24
2026-05-01,35
2026-05-02,7
2026-05-03,2
2026-05-04,19
2026-05-05,21
2026-05-06,16
2026-05-07,13
2026-05-08,1
2026-05-09,0
2026-05-10,6
2026-05-11,3
2026-05-12,2
2026-05-13,7
2026-05-14,3
2026-05-15,30
2026-05-16,85
2026-05-17,32
2026-05-18,10
2026-05-19,18
2026-05-20,3
2026-05-21,1
2026-05-22,7
2026-05-23,0
2026-05-24,0
2026-05-25,21
2026-05-26,15
2026-05-27,2
2026-05-28,1
2026-05-29,0
2026-05-30,19
2026-05-31,3
2026-06-01,40
2026-06-02,26
2026-06-03,31
2026-06-04,6
2026-06-05,2
2026-06-06,0
2026-06-07,0
2026-06-08,7
2026-06-09,6
2026-06-10,25
2026-06-11,83
2026-06-12,81
2026-06-13,56
2026-06-14,671
2026-06-15,157
2026-06-16,88
2026-06-17,71
2026-06-18,599
2026-06-19,32
2026-06-20,19
2026-06-21,55
2026-06-22,2
2026-06-23,3
2026-06-24,1
2026-06-25,2
2026-06-26,3
2026-06-27,5
2026-06-28,14
2026-06-29,8
2026-06-30,56
2026-07-01,41
2026-07-02,30
2026-07-03,2
2026-07-04,6
2026-07-05,2
2026-07-06,3
2026-07-07,33
2026-07-08,138
2026-07-09,115
2026-07-10,50
2026-07-11,14
2026-07-12,18
2026-07-13,26
2026-07-14,13
2026-07-15,47
2026-07-16,26
2026-07-17,21
2026-07-18,43
2026-07-19,67
2026-07-20,48
2026-07-21,405
2026-07-22,174
2026-07-23,606
2026-07-24,59
