Content,Video title,Video publish time,Duration,Engaged views,Average view duration,Average percentage viewed (%),Stayed to watch (%),Unique viewers,Unique reach,Average views per viewer,New viewers,Returning viewers,Casual viewers,Regular viewers,Hypes,Hype points,Subscribers gained,Subscribers lost,Likes,Dislikes,Likes (vs. dislikes) (%),Shares,Comments added,Total sales (USD),Orders,Approved commissions (USD),Pending commissions (USD),Removed commission (USD),YouTube Premium views,YouTube Premium watch time (hours),Playlist watch time (hours),Views from playlist,Views per playlist start,Hours streamed,Reminders set,Chat messages,Reactions,Remix count,Remix views,Community clip views,Watch time from community clips (hours),Card clicks,Cards shown,Clicks per card shown (%),Card teaser clicks,Card teasers shown,Teaser clicks per card teaser shown (%),End screen element clicks,End screen elements shown,Clicks per end screen element shown (%),Views,Watch time (hours),Subscribers,Impressions,Impressions click-through rate (%)
Total,,,,96588,0:01:07,7.76,46.79,0,5326,0,0,0,0,0,0,0,5407,1851,9085,287,96.94,217,388,0,0,0,0,0,2916,222.5591,8.4652,210,4.375,14.5574,3,1302,12923,0,65,5,0.0236,54,497,10.87,196,3257,6.02,146,2493,5.86,106065,1801.2216,3556,627871,2.33
C4IaFXCpgtA,ЭТОТ ВАШ РОБЛОКС ПРОСТО ИМБА || ROBLOX,"Apr 30, 2025",1629,10420,0:00:40,2.5,100,,14,,,,,,0,0,7,0,359,15,95.99,9,9,,,,,,49,5.7506,0.9155,10,1.25,,0,,,,,0,0,1,14,7.14,7,119,5.88,4,66,6.06,10474,117.9471,7,14043,3.3
o1rO4Z_NsJc,Допрыгались...  || Super Bunny Man,"Jan 20, 2025",793,9996,0:01:03,8.04,,,9,,,,,,0,0,50,1,1205,57,95.48,42,39,,,,,,81,5.4266,0.9764,15,1.6667,,0,,,,52,1,0.0045,16,204,7.84,71,1040,6.83,22,227,9.69,9996,177.026,49,17394,7.01
lCrM16U44BU,Нервы и стекло || Carry The Glass,"Nov 25, 2024",659,8380,0:00:57,8.71,,,9,,,,,,0,0,31,1,887,25,97.26,16,18,,,,,,52,3.8569,0.873,11,1.5714,,0,,,,,0,0,0,0,,0,0,,14,126,11.11,8380,133.5607,30,50692,1.7
sl9gY7XDJEM,Вершина Комедии || PEAK,"Jul 11, 2025",890,8152,0:01:19,8.89,,,10,,,,,,0,0,18,0,477,28,94.46,12,12,,,,,,34,4.3734,0.2195,1,,,0,,,,,0,0,3,14,21.43,10,443,2.26,19,250,7.6,8152,179.2321,18,6394,9.15
iB_o-fWRrcg,БРАТСКАЯ СИЛА(тупость) || BROFORCE,"Dec 7, 2024",647,6113,0:00:42,6.62,,,5,,,,,,0,0,27,0,732,25,96.7,15,11,,,,,,69,3.7848,0.2119,7,2.3333,,0,,,,,0,0,0,0,,0,0,,2,89,2.25,6113,72.684,27,42670,1.47
DXfUnykt38U,Нубы-Боты разбрасывают лобби || BOTSU Demo,"Jun 26, 2025",782,4794,0:00:45,5.79,,,9,,,,,,0,0,5,0,325,17,95.03,8,7,,,,,,22,1.5913,0.1265,1,,,0,,,,,0,0,1,7,14.29,0,134,0,3,45,6.67,4794,60.2627,5,11423,2.54
CP6H0p_6qwQ,АльцГЕЙМЕРЫ у руля || Backseat Drivers,"Jun 13, 2025",786,4262,0:01:04,8.23,,,4,,,,,,0,0,5,0,288,15,95.05,5,9,,,,,,30,2.1213,0.2064,2,,,0,,,,,0,0,10,27,37.04,42,100,42,3,48,6.25,4262,76.5972,5,20763,1.95
Ns7daGJcfgg,ЖИВОТНЫЕ НА РИНГЕ || Party Animals & Wrestling Empire,"Sep 29, 2024",879,4132,0:00:54,6.16,,,1,,,,,,0,0,17,1,709,25,96.59,7,11,,,,,,115,6.8887,0.312,10,10,,0,,,,,4,0.0191,5,24,20.83,4,88,4.55,5,98,5.1,4132,62.1572,16,12519,4.62
uy1rVPrEEGI,Нелепортеры || The Headliners,"Mar 5, 2025",860,3840,0:00:48,5.58,,,3,,,,,,0,0,2,0,809,13,98.42,10,6,,,,,,52,3.1576,0.2425,3,3,,0,,,,13,0,0,3,30,10,13,176,7.39,5,68,7.35,3840,51.2306,2,8789,3.4
k-ig0MrNXco,Рождество недоумков || Как Грызун и Монитор Рождество справляли,"Dec 25, 2024",1226,2713,0:00:54,4.44,,,3,,,,,,0,0,13,0,675,18,97.4,21,11,,,,,,57,4.5125,0.0343,3,3,,0,,,,,0,0,0,0,,0,0,,1,57,1.75,2713,41.0408,13,26596,1.32
ss9cY68O0Z4,ЖУЛИК И СТОРОЖ (НЕРАССКАЗАННОЕ) || JUST ANOTHER NIGHT SHIFT,"Aug 17, 2024",664,2490,0:00:41,6.24,,,7,,,,,,0,0,3,0,332,7,97.94,3,7,,,,,,63,3.8431,0.3653,10,5,,0,,,,,0,0,0,0,,0,0,,4,51,7.84,2490,28.6476,3,4627,4.02
eHokmJhcD28,Колдуны Особого Назначения,"Apr 1, 2025",1221,2014,0:01:45,8.65,100,,6,,,,,,0,0,8,0,56,3,94.92,0,6,,,,,,39,4.7048,0.0061,2,,,0,,,,,0,0,0,9,0,0,22,0,2,49,4.08,2021,59.0994,8,4036,3.69
eby-7xgeXJE,День зависимости или Огородные Бароны || Schedule I,"Apr 16, 2025",1469,1966,0:01:18,5.34,100,,5,,,,,,0,0,2,0,333,5,98.52,12,9,,,,,,31,4.4246,0.0013,1,,,0,,,,,0,0,0,0,,0,0,,2,38,5.26,2044,42.8356,2,9178,2.77
BfJt_EbefPY,А куда ехать? #shorts #thelongdrive,"Mar 4, 2025",15,1780,0:00:13,92.57,53.3,,5,,,,,,0,0,13,1,57,1,98.28,1,3,,,,,,69,0.2181,,,,,0,,,,,0,0,0,0,,0,0,,0,0,,1980,6.9027,12,4029,4.59
EoZIx1JiYXU,Роботы при деньгах || R.E.P.O.,"Mar 18, 2025",1013,1707,0:02:04,12.34,,,3,,,,,,0,0,10,0,482,3,99.38,8,12,,,,,,59,5.4882,0.07,2,,,0,,,,,0,0,2,23,8.7,13,223,5.83,6,87,6.9,1707,59.2606,10,10018,3.88
__V5SJDVVzU,Кривоногие косоглазы или как мы учились ходить || Puppet Team,"Jun 1, 2025",1043,1604,0:01:21,7.81,,,8,,,,,,0,0,4,0,194,2,98.98,5,8,,,,,,32,4.0383,0.0005,1,,,0,,,,,0,0,0,0,,0,0,,2,70,2.86,1604,36.3102,4,6914,3.54
rXT-HFOs3oo,Ай Драйв #shorts #thelongdrive #смешноймонтаж #момент #нарезка,"Feb 26, 2025",15,1466,0:00:13,89.07,58.8,,3,,,,,,0,0,10,1,35,3,92.11,0,1,,,,,,60,0.1589,,,,,0,,,,,0,0,0,0,,0,0,,0,0,,1655,5.4776,9,3922,1.81
icPJoje8AiQ,Совсем БИПанутые? || Biped,"Nov 5, 2024",777,1417,0:01:28,11.42,,,2,,,,,,0,0,15,3,79,2,97.53,2,6,,,,,,36,3.3115,0.043,5,,,0,,,,,0,0,1,9,11.11,3,95,3.16,11,94,11.7,1417,34.9164,12,13192,3.13
oqHEdFeKPdY,"Пауки, Утки, 2 Патрона","Jan 11, 2025",911,1333,0:01:09,7.65,,,2,,,,,,0,0,15,1,88,4,95.65,1,9,,,,,,68,5.1173,0.0421,1,,,0,,,,,0,0,0,8,0,2,76,2.63,1,59,1.69,1333,25.7934,14,12074,2.18
ErR358M-L2I,"Белка-трудяга и Комп-работяга || Tools Up!, Moving Out 2","Feb 3, 2025",936,1155,0:01:26,9.24,,,3,,,,,,0,0,7,0,174,1,99.43,1,9,,,,,,67,3.8819,0.0067,2,,,0,,,,,0,0,1,31,3.23,2,148,1.35,2,36,5.56,1155,27.8896,7,11695,3.1
eU3mhXuATTY,Такие пиксили вымеряем... #shorts #justenothernightshift #мем,"Aug 21, 2024",11,809,0:00:13,120.07,57.74,,1,,,,,,0,0,2,0,15,1,93.75,1,0,,,,,,16,0.0443,0.0121,3,1.5,,0,,,,,0,0,0,0,,0,0,,0,0,,920,2.9826,2,3669,1.42
prL3sPzNhgU,Поворачиваем на...... #shorts #murkydivers,"Nov 15, 2024",6,783,0:00:08,135.36,44.53,,2,,,,,,0,0,2,0,18,3,85.71,0,0,,,,,,26,0.0567,,,,,0,,,,,0,0,0,0,,0,0,,0,0,,1040,1.8132,2,4238,1.75
lS2ATKNr_J0,У нас есть 40 секунд что бы вы посмотрели это видео!! #teardown #смешноймонтаж #прохождение,"Jun 14, 2026",28,778,0:00:17,61.52,55.69,,1193,,,,,,0,0,1,0,15,2,88.24,1,1,,,,,,59,0.1791,,,,,0,,,,,0,0,0,0,,0,0,,0,0,,1408,4.0114,1,1788,1.9
sbaNo1RNWqA,Волшебный джамп пад и жуткая девушка #shrots,"Apr 7, 2025",15,762,0:00:14,97.93,43.2,,10,,,,,,0,0,2,0,26,0,100,0,2,,,,,,76,0.1583,0.0021,1,1,,0,,,,,0,0,0,0,,0,0,,0,0,,2010,3.5458,2,2400,3.08
AnCaE63c96M,Мушчина здравствуйте!  #shorts #contentwarningfunnymoments,"Nov 4, 2024",15,748,0:00:10,69.49,50.2,,1,,,,,,0,0,2,0,14,1,93.33,1,1,,,,,,16,0.0523,,,,,0,,,,,0,0,0,0,,0,0,,0,0,,830,2.183,2,4363,1.35
NY4aDeBoTHE,Неси спрей от травы #shorts #lethalcompanygame,"Oct 26, 2024",29,747,0:00:15,52.67,45.6,,1,,,,,,0,0,5,0,20,0,100,0,1,,,,,,19,0.0767,0.0236,2,1,,0,,,,,0,0,0,0,,0,0,,0,0,,819,3.193,5,3299,1.09
VyW6DnMnkUk,Ну я спать #shorts  #thelongdrive,"Feb 24, 2025",23,674,0:00:17,74.5,47.7,,2,,,,,,0,0,2,0,26,0,100,0,2,,,,,,32,0.1133,,,,,0,,,,,0,0,0,0,,0,0,,0,0,,820,3.247,2,3102,2.1
QiB_RmsfulM,Minecraft в Teardown??? #teardown #монтаж,"Jun 18, 2026",21,661,0:00:17,81.35,50.15,,1131,,,,,,0,0,2,0,19,1,95,0,0,,,,,,43,0.0947,,,,,0,,,,,0,0,0,0,,0,0,,0,0,,1407,3.3649,2,100,5
IT85N0TKXU0,Ориентация #shorts #contentwarning,"Nov 6, 2024",7,659,0:00:08,125.43,35,,1,,,,,,0,0,0,0,13,0,100,1,0,,,,,,22,0.0509,,,,,0,,,,,0,0,0,0,,0,0,,0,0,,760,1.6365,0,2107,1.14
XQlMEQ3rZkE,Как-то у нас НЕ КЛЕЕТСЯ || Stuck Together,"Apr 1, 2026",749,581,0:02:00,16.06,,,52,,,,,,0,0,10,0,39,0,100,0,8,,,,,,39,2.7788,0.1272,1,,,0,,,,,0,0,0,0,,0,0,,4,54,7.41,581,19.4158,10,19496,2.39
HhFpIiwD3HM,Драйв на колесах || Long Drive,"Feb 17, 2025",1072,509,0:04:36,25.76,,,8,,,,,,0,0,6,0,28,1,96.55,4,11,,,,,,51,5.2197,0.235,2,,,0,,,,,0,0,0,0,,0,0,,1,34,2.94,509,39.0432,6,6578,5.12
hI6Kc56ypqA,Как мы сбежали из ДУРКИ || S.E.M.I. Demo,"Oct 25, 2025",967,468,0:02:11,13.64,,,26,,,,,,0,0,2,0,15,0,100,1,5,,,,,,43,3.107,0.1582,2,,,0,,,,,0,0,0,2,0,2,35,5.71,1,19,5.26,468,17.1508,2,13157,2.75
UplOFm8ZIb8,КРЫШЕСНОСНОЕ видео || Teardown,"Jun 11, 2026",698,450,0:01:57,16.81,,,398,,,,,,0,0,11,0,25,1,96.15,0,9,,,,,,26,1.4749,,,,,0,,,,,0,0,0,0,,0,0,,1,31,3.23,450,14.6637,11,34516,1.01
5i-7gR8v2Yc,Лето нынче по-настоящему жаркое. В плохом смысле слова... Пытаемся охладиться всеми средствами. А ка,"Jun 30, 2026",16,443,0:00:09,58.99,23.55,,1427,,,,,,0,0,0,0,0,0,,0,0,,,,,,52,0.0477,,,,,0,,,,,0,0,0,0,,0,0,,0,0,,1861,1.6405,0,0,
fc1DOPpTp48,ПУГАЕМ ПРИЗРАКОВ В PHASMOPHOBIA (зачем?),"Jun 12, 2024",523,441,0:01:35,18.17,,,4,,,,,,0,0,1,2,31,0,100,0,6,,,,,,71,4.2329,0.2275,10,10,,0,,,,,0,0,0,7,0,1,57,1.75,3,82,3.66,441,11.643,-1,3256,3.99
EUT4LsytJNc,Починили тракхтор тракхтористу а он и не против #Shorts,"Aug 18, 2024",20,389,0:00:27,137.69,73.85,,1,,,,,,0,0,2,0,17,3,85,2,1,,,,,,6,0.0273,,,,,0,,,,,0,0,0,0,,0,0,,0,0,,501,2.9909,2,3456,4.08
UfmHEKA7PWQ,МОДный R.E.P.O.,"Aug 30, 2025",895,360,0:03:43,24.96,,,8,,,,,,0,0,2,0,20,0,100,1,2,,,,,,33,3.1774,0.2323,1,,,0,,,,,0,0,1,31,3.23,6,100,6,1,42,2.38,360,22.3411,2,13834,2.07
T1YnOR3a9mQ,Безумный кемпинг: Дорога Тупости || RV There Yet?,"Nov 18, 2025",1296,301,0:03:31,16.34,,,11,,,,,,0,0,2,0,18,0,100,0,10,,,,,,37,4.3836,0.0041,1,,,0,,,,,0,0,0,1,0,2,33,6.06,0,16,0,301,17.7071,2,12266,1.98
4oMzJMKeqSM,О чем НА САМОМ деле RDR 2? (Мы не знаем),"Aug 1, 2025",1209,270,0:03:12,15.94,,,6,,,,,,0,0,1,0,13,2,86.67,1,8,,,,,,35,2.6663,,,,,0,,,,,0,0,0,0,,0,3,0,0,0,,270,14.4571,1,11884,1.76
 -l4F-bemyNw,СТРАШНАЯ СТРАШИЛКА || DARK HOURS,"Sep 15, 2024",768,233,0:02:39,20.82,,,1,,,,,,0,0,3,0,15,0,100,0,8,,,,,,47,3.0529,0.0086,5,,,0,,,,,0,0,0,0,,0,0,,3,37,8.11,233,10.3473,3,5662,2.74
9AM-kIZuda8,Прикол дня #shorts #murkydivers,"Nov 18, 2024",13,233,0:00:09,76.16,42.57,,1,,,,,,0,0,0,0,16,0,100,0,0,,,,,,8,0.0165,,,,,0,,,,,0,0,0,0,,0,0,,0,0,,408,0.703,0,3625,1.6
 -E8rB7yl6Hs,КОЗЛЫ ОПУЩЕНИЯ || GOAT SIMULATOR 3,"Aug 5, 2024",657,232,0:03:46,34.51,,,1,,,,,,0,0,2,0,14,0,100,1,3,,,,,,34,2.2154,0.4487,8,4,,0,,,,,0,0,1,4,25,0,47,0,0,30,0,232,14.6126,2,2868,5.2
og9rlvbsMws,[B&G] Belkabyte: нам 1 год! Анимация + Поздравления,"May 15, 2025",461,228,0:01:26,18.69,,,3,,,,,,0,0,2,0,18,0,100,0,12,,,,,,17,1.0203,,,,,0,,,,,0,0,0,0,,0,0,,0,0,,228,5.4567,2,14156,1.13
EvqolIC4kfQ,Греби или будешь ОГРЕБАТЬ || Paddle Paddle Paddle DLC Монтаж Часть 2,"Mar 8, 2026",829,222,0:02:10,15.8,,,16,,,,,,0,0,2,0,18,0,100,0,5,,,,,,21,2.0326,0.008,1,,,0,,,,,0,0,0,4,0,1,46,2.17,2,36,5.56,222,8.075,2,28872,0.56
s-5YpHdUQLU,ПОКАЗЫВАЕМ ПРИЗРАКАМ VR || PHASMOPHOBIA,"Sep 2, 2024",927,222,0:04:31,29.27,,,5,,,,,,0,0,0,0,11,0,100,0,6,,,,,,49,4.5179,0.0042,5,,,0,,,,,0,0,0,0,,0,0,,3,37,8.11,222,16.7326,0,3224,4.44
0flT1dCS-kI,Волшебные КРИКИ || YAPYAP Demo,"Oct 31, 2025",961,214,0:02:58,18.62,,,22,,,,,,0,0,2,0,12,1,92.31,0,0,,,,,,20,1.6348,0.2597,1,,,0,,,,,0,0,0,0,,0,52,0,2,39,5.13,214,10.6361,2,6874,2.49
hObbqRY2o_M,МАКСимальная ГЕНиАльность || BONELAB,"Jul 15, 2024",978,213,0:04:24,27.06,,,1,,,,,,0,0,3,0,12,0,100,1,3,,,,,,23,2.1468,0.3044,7,,0.3048,0,0,0,,,0,0,5,15,33.33,8,45,17.78,0,18,0,213,15.6601,3,3893,3.96
2rCeSlrsuKA,Хэллоуинский спецвыпуск || Страшилки и приколдесы,"Oct 31, 2024",1273,211,0:04:29,21.14,,,1,,,,,,0,0,1,0,10,0,100,4,5,,,,,,34,4.0918,0.3555,5,,,0,,,,,0,0,0,0,,0,0,,0,24,0,211,15.7733,1,3787,3.8
WtJGeywH-cc,Mario Party для всех кроме Макса #МаксПлакал,"May 23, 2024",655,182,0:01:29,13.64,,,2,,,,,,0,0,2,0,9,1,90,0,1,,,,,,14,0.8463,0.0353,7,3.5,,0,,,,,0,0,0,0,,0,0,,1,14,7.14,182,4.517,2,16958,0.67
c28EBlYRecs,Этого НЕ БЫЛО в протоколе || Fish Stick Protocol,"Jan 27, 2026",832,179,0:02:32,18.29,,,25,,,,,,0,0,2,0,12,0,100,2,4,,,,,,25,2.4998,0.377,1,,,0,,,,,0,0,0,0,,0,0,,0,43,0,183,7.5772,2,18823,0.74
PxMtcVH04_4,"Гена Human и Макс Fall Flat || ""МОНТАЖЕЕЕР""","May 31, 2024",854,172,0:02:56,20.71,,,3,,,,,,0,0,0,0,10,0,100,0,1,,,,,,22,2.0416,0.0924,6,6,,0,,,,,0,0,2,6,33.33,3,47,6.38,4,42,9.52,172,8.4502,0,1968,5.95
n4GdoRr-CNs,МАНЬЯКИ-ХИРУРГИ В SURGEON SIMULATOR 2,"May 19, 2024",761,171,0:03:38,28.76,,,4,,,,,,0,0,2,0,13,0,100,0,1,,,,,,28,2.3508,0.027,3,,,0,,,,,0,0,0,0,,0,0,,1,49,2.04,171,10.3973,2,1985,6.6
rUU41JKnBN8,КАКОЕ НЕБО ГОЛУБОЕ || Bread & Fred,"May 15, 2024",540,170,0:02:08,23.89,,,4,,,,,,0,0,2,0,15,0,100,2,2,,,,,,26,1.3222,0.1387,3,,,0,,,,,0,0,0,0,,0,0,,2,16,12.5,170,6.0916,2,694,14.41
4pgRw9PkDZk,Читаем заклинание #shorts #superagentwizardboy #смешноймомент,"Apr 4, 2025",17,164,0:00:15,88.67,36.06,,7,,,,,,0,0,0,0,17,1,94.44,0,0,,,,,,19,0.0468,,,,,0,,,,,0,0,0,0,,0,0,,0,0,,545,0.7937,0,3015,3.38
S-aUW-6HDbA,B&G TRAILER,"Sep 20, 2025",36,135,0:00:31,87.15,,,13,,,,,,0,0,0,0,11,0,100,0,2,,,,,,47,0.6159,,,,,0,,,,,0,0,0,0,,0,0,,0,0,,135,1.1765,0,3546,1.86
YEUrGiDKDPI,Stick Fight: The Game VS Придурки 2,"May 29, 2024",537,126,0:02:21,26.31,,,0,,,,,,0,0,0,0,17,0,100,3,2,,,,,,10,0.9374,0.21,7,,,0,,,,,0,0,0,0,,0,0,,0,20,0,126,4.9454,0,1420,5.56
C8guD2558N0,"А у нас тут стрим, а у вас? BELKABYTE 3K ""празднуем""!","May 10, 2025",8950,125,0:08:53,5.96,,,1,,,,,,0,0,0,0,2,0,100,0,4,,,,,,17,9.4318,,,,2.4855,0,262,360,,,0,0,0,0,,0,0,,0,0,,125,18.5228,0,2166,2.77
7PxTP0jCl2I,САМОЕ праздничное непраздничное видео || Biped 2,"Dec 25, 2025",863,122,0:03:25,23.81,,,5,,,,,,0,0,3,0,12,0,100,0,6,,,,,,15,1.5929,0.0039,1,,,0,,,,,0,0,0,6,0,1,13,7.69,0,0,,122,6.9626,3,6128,1.27
QgZmICMasG0,ГЕНиотик МАКСтор || ABIOTIC FACTOR,"Jun 10, 2024",685,122,0:03:19,29.12,,,0,,,,,,0,0,1,0,10,0,100,0,1,,,,,,30,2.4331,0.1864,5,2.5,,0,,,,,0,0,0,0,,0,0,,0,28,0,122,6.7592,1,2388,3.06
B9geJAeAR4w,УЛЬТРАМЕГАСУПЕРПУПЕРКИЛЛ || Макс и Гена,"Jun 4, 2024",866,105,0:02:49,19.59,,,0,,,,,,0,0,2,0,9,0,100,0,1,,,,,,22,1.6672,0.2417,4,,,0,,,,,0,0,1,3,33.33,1,8,12.5,1,35,2.86,105,4.9493,2,1520,4.01
IaHsnwliLNo,Огребаем по полной || Paddle Paddle Paddle,"Oct 11, 2025",989,105,0:05:10,31.41,,,6,,,,,,0,0,2,0,10,0,100,0,3,,,,,,24,3.1373,0.001,2,,,0,,,,,0,0,0,0,,0,0,,1,9,11.11,105,9.0611,2,2922,2.43
njBJpjg_P70,Гена поезд и Максим рельсы || Unrailed,"Jun 6, 2024",303,101,0:01:08,22.73,,,0,,,,,,0,0,1,0,9,0,100,0,0,,,,,,9,0.2428,0.0082,5,5,,0,,,,,0,0,0,0,,0,0,,0,2,0,101,1.9322,1,1523,4.86
5QcLHE1HY1I,О чём же ВСЁ-ТАКИ RDR 2? (Выводы),"Aug 15, 2025",1099,99,0:02:48,15.3,,,1,,,,,,0,0,0,0,11,0,100,1,2,,,,,,15,1.4154,,,,,0,,,,,0,0,1,1,100,1,56,1.79,0,10,0,99,4.6231,0,9001,0.84
w41Pm6dukYs,Лучшие моменты с праздничного стрима в честь 3000 подписчиков,"May 10, 2025",1007,98,0:03:40,21.85,,,3,,,,,,0,0,0,0,6,0,100,1,10,,,,,,25,2.3261,,,,,0,,,,,0,0,0,0,,0,0,,0,0,,98,5.9897,0,2341,2.18
K8fUfxTZWlM,The Escapists 2 (придурка это сила),"May 25, 2024",903,94,0:02:39,17.66,,,1,,,,,,0,0,2,0,7,0,100,0,1,,,,,,16,0.6959,0.0147,3,3,,0,,,,,0,0,0,0,,0,0,,1,11,9.09,94,4.1646,2,1171,5.72
Jjal7Z4QxMI,Недружеская Марио ПАРТИя || Super Mario Party Jamboree,"Sep 14, 2025",1967,91,0:06:06,18.65,,,4,,,,,,0,0,0,0,8,0,100,0,3,,,,,,27,4.7187,0.0327,2,,,0,,,,,0,0,0,15,0,2,28,7.14,0,10,0,91,9.2716,0,5839,1.28
Qh7__ZkwNzk,Воскресный стрим в субботу. Играем и болтаем :3,"Nov 23, 2025",7898,90,0:07:48,5.93,,,1,,,,,,0,0,0,0,5,0,100,1,3,,,,,,15,8.2799,,,,2.2,0,141,0,,,0,0,0,0,,0,0,,0,0,,90,11.7164,0,2159,2.18
S9nF5F4M6H0,СЮРПРИЗ ДЛЯ ГЕНЫ (SPEEDPAINT) CLIP STUDIO PAINT,"Jun 21, 2024",228,89,0:00:57,25.01,,,3,,,,,,0,0,0,0,8,0,100,3,1,,,,,,33,0.8002,,,,,0,,,,,0,0,0,0,,0,15,0,0,0,,89,1.4098,0,6682,0.87
huSaMToTkrc,Никто не знает что мы стримим,"Aug 14, 2025",7771,83,0:04:13,3.24,,,0,,,,,,0,0,1,0,4,0,100,1,2,,,,,,10,4.1713,,,,2.194,0,102,41,,,0,0,0,0,,0,0,,0,0,,83,5.8498,1,1272,2.2
29AbC5QB-cA,Перевод продуктов в Overcooked 2,"May 17, 2024",304,82,0:01:31,30.01,,,1,,,,,,0,0,0,0,6,0,100,0,0,,,,,,19,0.8379,0.0053,4,,,0,,,,,0,0,0,0,,0,0,,0,26,0,82,2.0781,0,1042,5.57
R6NacMe3xkQ,"Ура, ЖабаГена сообщает нам, что завтра монтажный четверг, значит будет видосик. Скажем ему спасибо!","Jul 8, 2026",16,80,0:00:10,66.56,18.06,,361,,,,,,0,0,0,0,0,0,,0,0,,,,,,26,0.0216,,,,,0,,,,,0,0,0,0,,0,0,,0,0,,457,0.3649,0,0,
V7wlWKwFggU,Выступаем в BattleBlock Theater в роли клоунов,"Jun 8, 2024",219,75,0:01:00,27.58,,,0,,,,,,0,0,0,0,5,0,100,0,1,,,,,,6,0.3744,0.0036,3,,,0,,,,,0,0,0,0,,0,0,,1,15,6.67,75,1.2582,0,1556,3.73
hHm5AXlBSB4,"ЭЙ, РЕБЯТ!

С первым днём ЛЕТА Вас! Просто поздравление, ничего такого :3 Также это знак, что мы ещё","Jun 1, 2026",15,74,0:00:09,414.89,13.19,,451,,,,,,0,0,0,0,0,0,,0,0,,,,,,25,0.0211,,,,,0,,,,,0,0,0,0,,0,0,,0,0,,564,0.3693,0,0,
Uf4m_tIpjA0,Крысятничаем на кухне - КЛИЕНТЫ В ШОКЕ || Restaurats смешной монтаж,"Feb 19, 2026",867,73,0:04:37,32,,,14,,,,,,0,0,0,0,14,0,100,0,8,,,,,,26,3.3723,,,,,0,,,,,0,0,0,0,,0,0,,4,38,10.53,73,5.6261,0,1332,3.98
j0jKmZmsHuY,"ГОЛОСОВАНИЕ ПРОДОЛЖАЕТСЯ

Уже началась вторая волна, кто пропустил, мы напоминаем :3
Ищите в записях","Apr 28, 2026",15,73,0:00:10,71.98,15.08,,406,,,,,,0,0,0,0,0,0,,0,0,,,,,,15,0.0103,,,,,0,,,,,0,0,0,0,,0,0,,0,0,,495,0.3734,0,0,
1OpbvHNESyw,Украденная пицца - ЛУЧШАЯ || Pizza Possum,"Sep 27, 2025",966,69,0:05:31,34.29,,,2,,,,,,0,0,1,0,10,0,100,2,3,,,,,,19,2.4177,0.0054,1,,,0,,,,,0,0,0,0,,0,0,,1,24,4.17,69,6.3496,1,1586,2.9
EOicISDqmMw,The Стрим №2,"Dec 12, 2025",7153,68,0:11:28,9.63,,,0,,,,,,0,0,0,0,3,0,100,0,1,,,,,,17,9.2201,,,,1.9845,1,258,3,,,0,0,0,0,,0,0,,0,0,,68,13.0083,0,5918,0.76
JZGbTsQJeUo,"Максовая Лига Гениных Ракет... ну, то есть ROCKET LEAGUE","Jun 2, 2024",624,67,0:02:38,25.46,,,0,,,,,,0,0,1,0,7,0,100,0,1,,,,,,22,1.6295,0.0053,3,3,,0,,,,,0,0,0,2,0,1,8,12.5,0,20,0,67,2.9567,1,1466,2.32
oyrdGU0EFRI,Belkabyte AWARDS 2026 || Церемония награждений 2026,"May 17, 2026",5751,61,0:22:54,23.9,,,39,,,,,,0,0,0,0,4,0,100,0,1,,,,,,23,11.5264,,,,1.5958,2,278,12340,,,0,0,0,0,,0,0,,0,0,,61,23.2897,0,1102,3.27
lUNqezPDmOE,"Просто напоминаем Вам, что до конца конкурса фанартов осталась НЕДЕЛЯ. Также началось новое голосова","May 4, 2026",15,59,0:00:09,61.68,13.75,,359,,,,,,0,0,0,0,0,0,,0,0,,,,,,19,0.0165,,,,,0,,,,,0,0,0,0,,0,0,,0,0,,440,0.2662,0,0,
f2uQLNYkP0Q,Макс потерялся в доме Paranoia Place,"May 27, 2024",823,58,0:01:43,12.63,,,0,,,,,,0,0,1,0,4,0,100,0,2,,,,,,11,0.368,0.0065,5,,,0,,,,,0,0,0,0,,0,0,,0,6,0,58,1.6748,1,1084,3.69
fA_Wp21ca08,РАЗВРАТИТЕЛИ ГРОБНИЦ В SPELUNKY 2,"May 21, 2024",398,56,0:01:01,15.43,,,3,,,,,,0,0,0,0,4,0,100,0,0,,,,,,16,0.3911,0.0061,3,,,0,,,,,0,0,0,0,,0,0,,0,0,,56,0.9551,0,1038,3.66
DFaTPhzXcTI,"ОБЪЯВЛЯЕМ КОНКУРС! 
Всем салютик! С сегодняшнего дня и до 10 мая (10.05) мы проводим на нашем канал","Apr 17, 2026",15,53,0:00:18,122.88,17.79,,251,,,,,,0,0,0,0,0,0,,0,0,,,,,,13,0.1209,,,,,0,,,,,0,0,0,0,,0,0,,0,0,,315,0.3608,0,0,
oqXsWaNkJuc,Мы вернулись! Рокетлига и Гартикфон,"Jan 21, 2026",6765,52,0:11:13,9.95,,,2,,,,,,0,0,0,0,2,0,100,1,0,,,,,,16,6.7817,,,,1.8853,0,179,129,,,0,0,0,0,,0,0,,0,0,,52,9.7275,0,3147,0.79
cvlYzxrpVvo,Битва за ЛУНКУ || Super Battle Golf,"Jul 10, 2026",644,44,0:02:11,20.38,,,37,,,,,,0,0,0,0,7,0,100,2,2,,,,,,8,0.3747,,,,,0,,,,,0,0,0,0,,0,0,,0,10,0,44,1.6045,0,2147,1.26
P2OHEBX_F2Y,"ВИДЕО УЖЕ В ЧЕТВЕРГ

Поприветствуйте ЖабаГену! Отныне он будет Вам напоминать, что видео выйдет в че","Jun 10, 2026",15,43,0:00:20,135.23,12.72,,296,,,,,,0,0,0,0,0,0,,0,0,,,,,,17,0.0253,,,,,0,,,,,0,0,0,0,,0,0,,0,0,,350,0.349,0,0,
9sDu-xB8Ovw,"СПАСИБО ОГРОМНОЕ ЗА СТРИМ!!! 
У нас ещё не было такого актива в прямом эфире. Спасибо Вам, что поуча","May 17, 2026",15,38,0:00:11,76.86,11.01,,300,,,,,,0,0,0,0,0,0,,0,0,,,,,,19,0.0089,,,,,0,,,,,0,0,0,0,,0,0,,0,0,,346,0.2208,0,0,
y6hUIhWNTes,Стрим без предупреждения,"Aug 18, 2025",6844,36,0:08:10,7.17,,,0,,,,,,0,0,0,0,5,0,100,0,1,,,,,,5,3.7264,,,,1.9074,0,82,50,,,0,0,0,0,,0,0,,0,0,,36,4.9059,0,4198,0.67
tYpL5vw2RpU,"КАНАЛУ B&G 2 ГОДА! 
Именно в этот день, 15 мая, мы загрузили своё первое видео. Это была игра Bread","May 15, 2026",15,33,0:00:19,129.44,12.99,,210,,,,,,0,0,0,0,0,0,,0,0,,,,,,11,0.008,,,,,0,,,,,0,0,0,0,,0,0,,0,0,,269,0.25,0,0,
53Ynznh1T6E,"ВАЖНЫЕ НОВОСТИ!
Всем привет, друзья! Уже через месяц нас ждет большое событие - 2 года каналу B&G!","Apr 17, 2026",15,29,0:00:14,99.01,9.51,,247,,,,,,0,0,0,0,0,0,,0,0,,,,,,11,0.0054,,,,,0,,,,,0,0,0,0,,0,0,,0,0,,305,0.1982,0,0,
LCW2b6s6lw8,"НАЧАЛОСЬ ПЕРВОЕ ГОЛОСОВАНИЕ!

Друзья, первое голосование для нашего Шоу Награждений уже проходит! Вы","Apr 21, 2026",15,22,0:00:07,47.61,7.67,,256,,,,,,0,0,0,0,0,0,,0,0,,,,,,7,0.0029,,,,,0,,,,,0,0,0,0,,0,0,,0,0,,291,0.1421,0,0,
uG_NfKWCCjc,Битва за ЛУНКУ || Super Battle Golf OLD,"Jul 9, 2026",644,21,0:03:25,31.95,,,16,,,,,,0,0,0,0,6,0,100,0,2,,,,,,4,0.1834,,,,,0,,,,,0,0,0,0,,0,0,,0,4,0,21,1.2003,0,110,12.73
LO76IQ0J9PI,Максимка :3 #shorts,"May 26, 2026",21,17,0:00:18,89.06,,,15,,,,,,0,0,0,0,2,0,100,0,1,,,,,,6,0.0339,,,,,0,,,,,0,0,0,0,,0,0,,0,0,,17,0.0883,0,433,2.31
rioXxKxV5Lc,"Каноничная концовка ролика ""Белка-трудяга и Комп-работяга""",,33,15,0:00:17,53.99,,,0,,,,,,0,0,0,0,2,0,100,0,1,,,,,,10,0.066,,,,,0,,,,,0,0,0,0,,0,0,,0,0,,15,0.0742,0,42,0
zGHczaSd3WU,УЖЕ ЧЕРЕЗ ЧАСИК :3,"May 16, 2026",15,12,0:00:12,612.83,7.95,,118,,,,,,0,0,0,0,0,0,,0,0,,,,,,7,0.0032,,,,,0,,,,,0,0,0,0,,0,0,,0,0,,150,0.0816,0,0,
